nom_castell, short, gamma
ALTRES Descarregat, altres, altres
CINC DE NOU AMB FOLRE Carregat, 5de9f(c), Extra
CINC DE NOU AMB FOLRE Descarregat, 5de9f, Extra
CINC DE NOU AMB FOLRE Intent, i5de9f, Extra
CINC DE NOU AMB FOLRE Intent desmuntat, id5de9f, Extra
CINC DE SET AMB AGULLA / PILAR Carregat, 5de7a(c), 7
CINC DE SET AMB AGULLA / PILAR Descarregat, 5de
CINC DE SET AMB AGULLA / PILAR Intent desmuntat
CINC DE SET Carregat
CINC DE SET Descarregat
CINC DE SET Intent
CINC DE SET Intent desmuntat
CINC DE SET NET Descarregat
CINC DE SET NET Intent desmuntat
CINC DE SIS AMB AGULLA / PILAR Descarregat
CINC DE SIS AMB AGULLA / PILAR Intent desmuntat
CINC DE SIS Carregat
CINC DE SIS Descarregat
CINC DE SIS Intent
CINC DE SIS Intent desmuntat
CINC DE SIS NET Carregat
CINC DE SIS NET Descarregat
CINC DE SIS NET Intent
CINC DE SIS NET Intent desmuntat
CINC DE VUIT AMB AGULLA / PILAR Carregat
CINC DE VUIT AMB AGULLA / PILAR Descarregat
CINC DE VUIT Carregat
CINC DE VUIT Descarregat
CINC DE VUIT Intent
CINC DE VUIT Intent desmuntat
DEU DE SET Descarregat
DOS / TORRE DE NOU AMB FOLRE I MANILLES Carregat
DOS / TORRE DE NOU AMB FOLRE I MANILLES Descarregat
DOS / TORRE DE NOU AMB FOLRE I MANILLES Intent
DOS / TORRE DE NOU AMB FOLRE I MANILLES Intent desmuntat
DOS / TORRE DE NOU SENSE MANILLES Carregat
DOS / TORRE DE NOU SENSE MANILLES Intent
DOS / TORRE DE SET AMB FOLRE Carregat
DOS / TORRE DE SET AMB FOLRE Descarregat
DOS / TORRE DE SET AMB FOLRE Intent
DOS / TORRE DE SET AMB FOLRE Intent desmuntat
DOS / TORRE DE SET Carregat
DOS / TORRE DE SET Descarregat
DOS / TORRE DE SET Intent
DOS / TORRE DE SET Intent desmuntat
DOS / TORRE DE SET PER SOTA Descarregat
DOS / TORRE DE SIS Carregat
DOS / TORRE DE SIS Descarregat
DOS / TORRE DE SIS Intent
DOS / TORRE DE SIS Intent desmuntat
DOS / TORRE DE SIS NET Carregat
DOS / TORRE DE SIS NET Descarregat
DOS / TORRE DE SIS NET Intent
DOS / TORRE DE SIS NET Intent desmuntat
DOS / TORRE DE SIS PER SOTA Descarregat
DOS / TORRE DE SIS PER SOTA Intent
DOS / TORRE DE VUIT AMB FOLRE Carregat
DOS / TORRE DE VUIT AMB FOLRE Descarregat
DOS / TORRE DE VUIT AMB FOLRE I MANILLES Carregat
DOS / TORRE DE VUIT AMB FOLRE I MANILLES Intent
DOS / TORRE DE VUIT AMB FOLRE Intent
DOS / TORRE DE VUIT AMB FOLRE Intent desmuntat
DOS / TORRE DE VUIT SENSE FOLRE Carregat
DOS / TORRE DE VUIT SENSE FOLRE Descarregat
DOS / TORRE DE VUIT SENSE FOLRE Intent
DOS / TORRE DE VUIT SENSE FOLRE Intent desmuntat
DOTZE DE SET Descarregat
DOTZE DE SIS Descarregat
NOU DE SET Carregat
NOU DE SET Descarregat
NOU DE SET Intent
NOU DE SET Intent desmuntat
NOU DE SIS Carregat
NOU DE SIS Descarregat
NOU DE SIS Intent
NOU DE SIS Intent desmuntat
NOU DE SIS NET Descarregat
NOU DE SIS NET Intent desmuntat
NOU DE VUIT Carregat
NOU DE VUIT Descarregat
NOU DE VUIT Intent
NOU DE VUIT Intent desmuntat
PILAR DE CINC AMB FOLRE Descarregat
PILAR DE CINC AMB FOLRE Intent
PILAR DE CINC CAMINANT Carregat
PILAR DE CINC CAMINANT Descarregat
PILAR DE CINC CAMINANT Intent
PILAR DE CINC Carregat
PILAR DE CINC Descarregat
PILAR DE CINC Intent
PILAR DE CINC Intent desmuntat
PILAR DE CINC NET Carregat
PILAR DE CINC NET Descarregat
PILAR DE CINC PER SOTA CAMINANT Descarregat
PILAR DE CINC PER SOTA Carregat
PILAR DE CINC PER SOTA Descarregat
PILAR DE CINC PER SOTA Intent
PILAR DE CINC PER SOTA Intent desmuntat
PILAR DE NOU FOLRE MANILLES PUNTALS Intent
PILAR DE QUATRE CAMINANT Carregat
PILAR DE QUATRE CAMINANT Descarregat
PILAR DE QUATRE CAMINANT Intent
PILAR DE QUATRE CAMINANT Intent desmuntat
PILAR DE QUATRE Carregat
PILAR DE QUATRE Descarregat
PILAR DE QUATRE Intent
PILAR DE QUATRE Intent desmuntat
PILAR DE QUATRE NET Carregat
PILAR DE QUATRE NET Descarregat
PILAR DE QUATRE NET Intent
PILAR DE QUATRE PER SOTA CAMINANT Descarregat
PILAR DE QUATRE PER SOTA Carregat
PILAR DE QUATRE PER SOTA Descarregat
PILAR DE QUATRE PER SOTA Intent
PILAR DE QUATRE PER SOTA Intent desmuntat
PILAR DE QUATRE PER SOTA NET Descarregat
PILAR DE QUATRE PER SOTA NET Intent
PILAR DE SET AMB FOLRE Carregat
PILAR DE SET AMB FOLRE Descarregat
PILAR DE SET AMB FOLRE I MANILLES Carregat
PILAR DE SET AMB FOLRE I MANILLES Descarregat
PILAR DE SET AMB FOLRE I MANILLES Intent
PILAR DE SET AMB FOLRE Intent
PILAR DE SET AMB FOLRE Intent desmuntat
PILAR DE SIS AMB FOLRE Carregat
PILAR DE SIS AMB FOLRE Descarregat
PILAR DE SIS Carregat
PILAR DE SIS Descarregat
PILAR DE SIS Intent
PILAR DE SIS Intent desmuntat
PILAR DE SIS PER SOTA Carregat
PILAR DE SIS PER SOTA Intent
PILAR DE VUIT AMB FOLRE I MANILLES Carregat
PILAR DE VUIT AMB FOLRE I MANILLES Descarregat
PILAR DE VUIT AMB FOLRE I MANILLES Intent
PILAR DE VUIT AMB FOLRE I MANILLES Intent desmuntat
QUATRE DE DEU AMB FOLRE I MANILLES Carregat
QUATRE DE DEU AMB FOLRE I MANILLES Descarregat
QUATRE DE DEU AMB FOLRE I MANILLES Intent
QUATRE DE NOU AMB FOLRE Carregat
QUATRE DE NOU AMB FOLRE Descarregat
QUATRE DE NOU AMB FOLRE I AGULLA / PILAR Carregat
QUATRE DE NOU AMB FOLRE I AGULLA / PILAR Descarregat
QUATRE DE NOU AMB FOLRE I AGULLA / PILAR Intent
QUATRE DE NOU AMB FOLRE I AGULLA / PILAR Intent desmuntat
QUATRE DE NOU AMB FOLRE Intent
QUATRE DE NOU AMB FOLRE Intent desmuntat
QUATRE DE NOU SENSE FOLRE Carregat
QUATRE DE NOU SENSE FOLRE Descarregat
QUATRE DE NOU SENSE FOLRE Intent
QUATRE DE NOU SENSE FOLRE Intent desmuntat
QUATRE DE SET AMB AGULLA / PILAR Carregat
QUATRE DE SET AMB AGULLA / PILAR Descarregat
QUATRE DE SET AMB AGULLA / PILAR Intent
QUATRE DE SET AMB AGULLA / PILAR Intent desmuntat
QUATRE DE SET AMB AGULLA / PILAR NET Descarregat
QUATRE DE SET Carregat
QUATRE DE SET Descarregat
QUATRE DE SET Intent
QUATRE DE SET Intent desmuntat
QUATRE DE SET NET Carregat
QUATRE DE SET NET Descarregat
QUATRE DE SET NET Intent
QUATRE DE SET NET Intent desmuntat
QUATRE DE SET PER SOTA Descarregat
QUATRE DE SIS AMB AGULLA /  PILAR NET Carregat
QUATRE DE SIS AMB AGULLA /  PILAR NET Descarregat
QUATRE DE SIS AMB AGULLA /  PILAR NET Intent
QUATRE DE SIS AMB AGULLA /  PILAR NET Intent desmuntat
QUATRE DE SIS AMB AGULLA / PILAR Carregat
QUATRE DE SIS AMB AGULLA / PILAR Descarregat
QUATRE DE SIS AMB AGULLA / PILAR Intent
QUATRE DE SIS AMB AGULLA / PILAR Intent desmuntat
QUATRE DE SIS Carregat
QUATRE DE SIS Descarregat
QUATRE DE SIS Intent
QUATRE DE SIS Intent desmuntat
QUATRE DE SIS NET Carregat
QUATRE DE SIS NET Descarregat
QUATRE DE SIS NET Intent
QUATRE DE SIS NET Intent desmuntat
QUATRE DE SIS PER SOTA Descarregat
QUATRE DE VUIT AMB AGULLA / PILAR Carregat
QUATRE DE VUIT AMB AGULLA / PILAR Descarregat
QUATRE DE VUIT AMB AGULLA / PILAR Intent
QUATRE DE VUIT AMB AGULLA / PILAR Intent desmuntat
QUATRE DE VUIT Carregat
QUATRE DE VUIT Descarregat
QUATRE DE VUIT Intent
QUATRE DE VUIT Intent desmuntat
SET DE NOU AMB FOLRE Descarregat
SET DE SET AMB AGULLA/PILAR Descarregat
SET DE SET Carregat
SET DE SET Descarregat
SET DE SET Intent
SET DE SET Intent desmuntat
SET DE SIS AMB DUES AGULLES / PILARS Descarregat
SET DE SIS AMB DUES AGULLES / PILARS Intent desmuntat
SET DE SIS Carregat
SET DE SIS Descarregat
SET DE SIS Intent
SET DE SIS Intent desmuntat
SET DE SIS NET Descarregat
SET DE SIS NET Intent desmuntat
SET DE VUIT AMB AGULLA / PILAR Descarregat
SET DE VUIT Carregat
SET DE VUIT Descarregat
SET DE VUIT Intent desmuntat
SIS DE SET AMB AGULLA / PILAR Descarregat
SIS DE SET Descarregat
SIS DE SIS Descarregat
SIS DE SIS Intent desmuntat
TRES DE DEU AMB FOLRE I MANILLES Carregat
TRES DE DEU AMB FOLRE I MANILLES Descarregat
TRES DE DEU AMB FOLRE I MANILLES Intent
TRES DE DEU AMB FOLRE I MANILLES Intent desmuntat
TRES DE NOU AMB FOLRE Carregat
TRES DE NOU AMB FOLRE Descarregat
TRES DE NOU AMB FOLRE I AGULLA / PILAR Carregat
TRES DE NOU AMB FOLRE I AGULLA / PILAR Descarregat
TRES DE NOU AMB FOLRE I AGULLA / PILAR Intent
TRES DE NOU AMB FOLRE I AGULLA / PILAR Intent desmuntat
TRES DE NOU AMB FOLRE Intent
TRES DE NOU AMB FOLRE Intent desmuntat
TRES DE NOU SENSE FOLRE Intent
TRES DE NOU SENSE FOLRE Intent desmuntat
TRES DE SET AMB AGULLA / PILAR Carregat
TRES DE SET AMB AGULLA / PILAR Descarregat
TRES DE SET AMB AGULLA / PILAR Intent
TRES DE SET AMB AGULLA / PILAR Intent desmuntat
TRES DE SET AMB AGULLA / PILAR NET Descarregat
TRES DE SET Carregat
TRES DE SET Descarregat
TRES DE SET Intent
TRES DE SET Intent desmuntat
TRES DE SET NET Descarregat
TRES DE SET NET Intent
TRES DE SET NET Intent desmuntat
TRES DE SET PER SOTA Carregat
TRES DE SET PER SOTA Descarregat
TRES DE SET PER SOTA Intent
TRES DE SET PER SOTA Intent desmuntat
TRES DE SET PER SOTA NET Descarregat
TRES DE SIS AMB AGULLA / PILAR Carregat
TRES DE SIS AMB AGULLA / PILAR Descarregat
TRES DE SIS AMB AGULLA / PILAR Intent
TRES DE SIS AMB AGULLA / PILAR Intent desmuntat
TRES DE SIS AMB AGULLA / PILAR NET Descarregat
TRES DE SIS AMB AGULLA / PILAR NET Intent
TRES DE SIS AMB AGULLA / PILAR NET Intent desmuntat
TRES DE SIS Carregat
TRES DE SIS Descarregat
TRES DE SIS Intent
TRES DE SIS Intent desmuntat
TRES DE SIS NET Carregat
TRES DE SIS NET Descarregat
TRES DE SIS NET Intent
TRES DE SIS NET Intent desmuntat
TRES DE SIS PER SOTA Carregat
TRES DE SIS PER SOTA Descarregat
TRES DE SIS PER SOTA Intent
TRES DE SIS PER SOTA Intent desmuntat
TRES DE SIS PER SOTA NET Carregat
TRES DE SIS PER SOTA NET Descarregat
TRES DE SIS PER SOTA NET Intent desmuntat
TRES DE VUIT AMB AGULLA / PILAR Carregat
TRES DE VUIT AMB AGULLA / PILAR Descarregat
TRES DE VUIT AMB AGULLA / PILAR Intent
TRES DE VUIT AMB AGULLA / PILAR Intent desmuntat
TRES DE VUIT AMB FOLRE Descarregat
TRES DE VUIT Carregat
TRES DE VUIT Descarregat
TRES DE VUIT Intent
TRES DE VUIT Intent desmuntat
TRES DE VUIT PER SOTA Carregat
TRES DE VUIT PER SOTA Descarregat
TRES DE VUIT PER SOTA Intent
TRES DE VUIT PER SOTA Intent desmuntat
VUIT DE SET Descarregat
VUIT DE SIS AMB AGULLA / PILAR Descarregat
VUIT DE SIS AMB AGULLA / PILAR Intent
VUIT DE SIS Descarregat
VUIT DE SIS Intent desmuntat
